id	category	title	story
1	洋画	スター・ウォーズ エピソードIV/新たなる希望	銀河規模の専制国家が宇宙を支配し、巨大な軍事基地で各地の星々を脅している時代。反対勢力は地下活動を続け、盗み出した設計情報を小型の記録装置に託して逃走する。情報には基地の弱点が含まれており、奪い返そうとする追跡は宇宙船同士の戦闘、拿捕、拘束といった冷徹な軍事手順として進む。記録装置は砂漠の惑星へ流れ着き、乾いた荒野、廃品、農業用の施設、古い武具のようなものが混ざる生活空間の中で発見される。そこで若者は、辺境の単調な日々と、遠い星々へ広がる戦争の現実の落差を知る。砂漠の町、広域の宇宙港、雑多な種族が行き交う酒場、密輸や改造で成り立つ船と装備など、世界は無秩序に見えながらも、権力の監視と暴力に覆われている。やがて彼は年長の人物から、古い騎士団の教えと、万物を結び人の心にも働く力の概念を学び、道具としての武器以上に「どう生きるか」を問われる。反対勢力は救出作戦と潜入を行い、拘束された仲間を取り戻すために敵の施設へ踏み込む。通路、収容区画、制御室、閉鎖扉、監視装置が並ぶ人工の迷宮は、個人を部品として扱う体制の象徴として描かれる。一方で、古い信念、仲間への信頼、恐怖に飲まれない意志が、巨大な技術と規律に対抗する力になる。最終局面では、星を脅す兵器に対し、少数の戦闘機と熟練ではない操縦が賭けられる。計器だけに頼る合理性と、目に見えない力への信頼が衝突し、若者は自分の選択で一撃の可能性に賭ける。物語の主題は、圧倒的な権力と技術の前でも、希望は小さな行動と信念から生まれ、個人が恐れを越えて成長するとき歴史が動く、という点にある。
2	洋画	マトリックス	昼は会社員、夜はハッカーとして生きるトーマス・アンダーソンは、自分の暮らす世界に強い違和感を抱いている。高層ビルと蛍光灯の室内、画面だらけの職場、監視カメラや警官による追跡など、現代的な都市生活は便利な反面、息苦しく、どこか作り物のように感じられる。あるとき彼は、モーフィアスという人物から「この世界の正体」を示す誘いを受ける。赤い薬を選んだ彼は、目覚めとともに、いままでの“現実”が巨大な装置によって作られた仮想の世界であり、人々が眠らされ、機械に接続されていたことを知る。外の世界は荒廃し、空は暗く、地下の拠点や船内の狭い通路で人々は生き延びている。彼らは頭に端子をつなぎ、仮想世界へ潜入して訓練や作戦を行う。そこでは銃や格闘を学ぶデータ、重力や速度の限界をゆがめる仕組み、仮想世界を維持する監視者のような存在が立ちはだかる。仮想世界の住人の多くは、自分が支配されていることに気づかない。物語の主題は、「見えているものは本物か」「自由とは何か」という問いである。安心できる日常の代わりに不確かな真実を選ぶこと、他者に与えられた役割ではなく自分の意志で生きることが試される。また、便利さと引き換えに思考が管理される社会への警告でもある。トーマスは恐怖や迷いを抱えながらも、世界の仕組みを学び、支配の論理に抗う力を手に入れていく。やがて彼は、仮想の規則そのものを疑い、自分の可能性を信じることが現実を変える鍵だと理解していく。
3	洋画	プライベート・ライアン	第二次世界大戦末期のヨーロッパ戦線。海を渡って上陸作戦が始まり、兵士たちは鉄の障害物が並ぶ海岸へ、上陸用の舟から降りて突撃する。機関銃の弾が水面と砂をたたき、爆発で地面がえぐれ、負傷者を運ぶ担架や救急薬が足りなくなる。無線機は途切れがちで、地図は泥と血で汚れ、部隊は混乱のまま前進する。戦場は畑、堤防、用水路、石造りの家、崩れた壁、鉄道、橋など、身近な景色が一瞬で殺し合いの装置に変わっていく。上陸後、ある部隊に「一人の兵士を探して連れ帰れ」という命令が出る。対象はライアン。彼の兄たちが相次いで戦死し、家に残す家族の喪失をこれ以上増やさないため、軍の事務手続きと命令系統が動く。部隊は歩いて前線を横切り、検問、捕虜の扱い、補給不足、誤射の恐れ、地雷原、狙撃の脅威にさらされる。双眼鏡、通信線、爆薬、銃、ヘルメットといった道具は命を守るはずが、故障や判断ミスで逆に死を呼ぶ。やがて部隊は、重要な橋を守る防衛線でライアンに近づく。そこでは戦車や対戦車火器、土嚢、即席のバリケードが並び、夜と煙と瓦礫の中で防衛戦が準備される。命令を守ることと、目の前の仲間を守ることが衝突し、救うべき「一人」のために、別の「誰か」が倒れていく。物語の主題は、「一人の命の価値」を戦争の現実の中でどう考えるか、そして生き残った者が背負う責任である。多くの犠牲の上に生が与えられるとき、その生は“偶然”ではなく、“受け取ったもの”として問われる。ライアンをめぐる旅は、戦場の装置と制度が人を動かす冷たさと、それでも人が人を救おうとする意思の両方を映し出し、「生きることに値する生き方」を静かに突きつける。
4	洋画	インセプション	近未来の企業社会では、人の意識に入り込んで情報を盗む犯罪が問題になっている。主人公のドム・コブは、特殊な装置で眠りを共有し、夢の中の世界を作って相手の秘密を取り出す「抽出」を仕事にしている。しかし彼は、過去の出来事のために国へ帰れず、子どもたちにも会えない状況にある。ある大企業の関係者から、コブは通常と逆の依頼を受ける。それは相手の心から情報を盗むのでなく、ある考えを植え付ける「植え付け」を夢の中で行うことだった。舞台は現実の都市だけでなく、雨の降る街、無重力に近い状態が起こる建物、雪山の要塞のような施設など、複数の夢の階層にわたる。各階層は、眠りの深さに応じて時間の流れが変わり、上の階層の数分が下の階層では何時間にも感じられる。失敗すれば夢の中で目覚められず、さらに深い意識の底へ落ちる危険があるため、強い鎮静薬、合図の音楽、目覚めのための「落下」の刺激など、細かな手順と小道具が作戦の鍵になる。一方でコブの夢には、亡くなった妻の記憶が影のように現れ、作戦を壊してしまう。夢が便利な道具であるほど、心の罪悪感や願望もまた現実のような力を持つ。物語は、他人の心を操作する仕事の倫理と、現実を信じる根拠の不確かさを重ねながら進む。最終的にコブは、他者に「自分の意志で選んだ」と思わせる考えを植え付けられるのか、そして自分自身も過去への執着を手放して現実へ帰れるのかを問われる。作品は、現実と夢の境界、記憶が作る世界、罪と赦し、そして「信じたいもの」が人を動かすという主題を描いて終わる。
5	洋画	インターステラー	地球の近未来。異常気象と病害で作物が次々に枯れ、食料不足と砂嵐が日常になる。人々は宇宙開発への希望を失い、学校でも「月面着陸は作り話」と教えられるほど、文明は縮小している。元宇宙飛行士のクーパーは農場で暮らしていたが、家の中で起きる不可解な重力現象を手がかりに、隠された研究施設へたどり着く。そこでは、遠い恒星系へつながるワームホールが発見され、人類の移住先を探す極秘計画が進められていた。クーパーは大型宇宙船で出発し、ワームホールを通過して未知の惑星系へ向かう。目的は「地球を捨てる」のではなく、地球上の人類を生かすための新天地と、移送を可能にする科学的条件を確かめることにある。候補の惑星は、海に覆われ重力が強い場所、氷に閉ざされた場所、黒い雲に覆われた場所など、どれも過酷で、時間の進み方さえ重力で大きくずれる。宇宙船の機器、着陸艇、スリープ装置、通信の遅延や燃料制限といった現実的な制約が、選択を厳しくする。探索が進むほど、家族と離れた時間の重みが増し、「誰を救うのか」という倫理が突きつけられる。計画は理想と現実、希望と欺瞞の間で揺れ、個人の愛情が冷たい計算と衝突する。やがてクーパーは、重力と時間をめぐる未知の領域に投げ込まれ、そこで得た手がかりを、離れて暮らす娘のマーフへ託す道を探る。物語は、宇宙の壮大さの中で、人間を動かす最も強い力としての「愛」と、未来の世代へ責任を渡す意志を主題として、絶望的な世界観の中に希望の出口を描いていく。
6	洋画	レディ・プレイヤー１	近未来の荒廃した社会では、多くの人が貧困と閉塞感の中で暮らしている。現実の生活が苦しいほど、人々は巨大な仮想現実空間に逃げ込む。そこでは全身装着の機器で感覚を共有し、誰もが好きな姿の分身になり、学び・遊び・働きまで行える。仮想世界は娯楽の集積であると同時に、現実の経済や教育を支える生活基盤にもなっている。その世界の創設者であるジェームズは、死に際して「隠された鍵」を見つけた者に運営権と莫大な財産を与えると宣言する。手がかりは、彼が愛した過去の映画・ゲーム・音楽などの文化と、彼自身の後悔に結びついている。すると、企業は運営権を独占して広告と監視で支配しようとし、一般の参加者は自由を守るために競争へ投げ込まれる。探索は、レース、迷宮、対戦、謎解きといった仕掛けとして仮想世界の各所に埋め込まれ、参加者は過去文化の知識だけでなく、観察力と協力を試される。貧しい若者のウェイドも挑戦に加わり、仲間と出会い、企業の圧力や現実世界での危険にさらされながら鍵を追う。物語は、現実が壊れていくほど仮想が魅力的になるという逆説を描きつつ、ゲームの勝敗より「なぜ作り手がそれを残したのか」を問う方向へ進む。やがてウェイドは、勝利とは独占ではなく責任であり、逃避の場を守るだけでは足りないと気づく。仮想世界は人をつなぐが、人生そのものの代わりにはならない――作品は、懐かしさへの没入を楽しませながら、現実と向き合う勇気、他者と分かち合う倫理を主題として結末へ向かう。
7	洋画	パラサイト 半地下の家族	現代の韓国。半地下の部屋で暮らす一家は、窓が地面すれすれにあり、外の人の足や排気、消毒の噴霧が生活に入り込む。無料の通信、折りたたみ式の机、湿った壁、安い酒、そして虫のように小さな日用品が、ぎりぎりの暮らしを形づくる。仕事は不安定で、箱を組み立てる内職のような低賃金の労働に頼り、家族は「運」と「機転」で穴を埋めようとする。ある日、息子のキム・ギウが、家庭教師の仕事を紹介される。舞台は、丘の上の高級住宅地にある大きな一軒家。ガラス窓、広い庭、明るい光、最新の家電、整えられた室内、そして外界の汚れを遠ざけるような構造が、半地下とは別の世界を示す。キム・ギウは身分や経歴を「それらしく」見せるために紙の書類や言葉づかいを整え、家の中に入り込む。やがて家族は、紹介や推薦という形を装いながら、運転手、家事の仕事などへ少しずつ配置される。制服、名刺、車、冷蔵庫の中身、香りの違い、階段の上り下りといった小道具や空間の差が、見えない境界線を浮かび上がらせる。だがこの家には、建物の構造が隠してきた地下の空間と、そこに結びつく過去がある。雨の日に排水が逆流して半地下が水没する一方、丘の上の家では雨が「雰囲気のよい夜」を演出する。この対比が、同じ都市の中の断絶をはっきり示す。家族は「上へ上がる」ために演技と労働を重ねるが、匂い、話し方、育ちといった消せない差が、ある瞬間に暴力として噴き出す。物語は、便利で美しい住まいの裏側に、誰かの不安定な生活が押し込められていることを暴き、貧困や格差が個人の努力だけでは超えにくい構造であることを描く。寄生するのは誰か、守られる生活は誰の犠牲の上にあるのか――その問いが、住宅や階段、地下と地上の距離として観客に残る。
8	洋画	ライフ・イズ・ビューティフル	明るく機転の利く男のグイドは、田舎から都会へ出て、新しい暮らしを始める。街には石造りの建物や広場があり、喫茶店や役所、学校などの公共の場所が、人々の生活の中心として描かれる。彼はそこで出会ったドーラにひかれ、言葉遊びや小さな仕掛けで彼女を笑わせながら距離を縮め、やがて家庭をつくる。部屋のしつらえや店の備品、通りの看板など、日常の小道具が温かな生活感を支える一方で、周囲には差別的な張り紙や、制服の集団、規律を強いる空気が少しずつ増えていく。時代は戦争へ傾き、街の雰囲気も祝いから緊張へ変わっていく。やがて家族は強制収容所へ送られる。高い柵、見張り台、点呼の広場、粗末な寝台、番号で管理される仕組みが、世界観を一変させる。食事の配給、過酷な労働、命令と罰、行方不明になる人々など、環境そのものが恐怖を生む装置として働く。子どもを絶望から守るため、グイドはここを「得点を集めるゲーム」だと説明し、泣かない、隠れる、言いつけを守ると点が増え、最後に戦車がもらえるのだと言い聞かせる。拡声器の放送や規則の掲示といった収容所の道具を、彼は即興の翻訳や演技で「ゲームの進行」にすり替え、現実の暴力を子どもの目から遠ざけようとする。この物語の主題は、理不尽な権力と差別が支配する状況でも、人が他者を守るために想像力とユーモアを武器にできるという点にある。笑いは現実逃避ではなく、恐怖に飲み込まれないための抵抗であり、家族への愛を貫く方法として描かれる。同時に、世界が残酷に変わっていく過程を丁寧に見せることで、平和な日常がいかに壊れやすいか、そしてそれを支える尊厳がどれほど大切かを問いかける。
9	洋画	地獄の黙示録	"ベトナム戦争の末期、軍の内部で極秘の任務が組まれる。現場の規律から外れ、戦争そのものの論理を自分の王国のように運用する将校がいるため、彼を「処分」する命令が下る。指名されたのはウィラードで、書類と録音の報告、地図と暗号、無線機や武器を携え、哨戒艇で川をさかのぼる旅に出る。道中に広がるのは、通常の戦場というより、制度と狂気が混ざった巨大な装置のような世界である。空からの爆撃と大音量の音楽が一体化し、見世物のような慰問が兵士の欲望を煽る。夜の基地では、敵味方の境界が見えない光と爆発が続き、命令系統は崩れていく。川の上では検問と誤射、恐怖と疑心が積み重なり、仲間は減っていく。進むほどに、文明的な規則や言葉は薄れ、湿気と闇の中で「戦争の本性」だけが濃くなる。ウィラードは資料から、その将校が理性と非情さを結びつけた思想を持ち、部下や現地の人々を従わせていることを知る。最上流の拠点は、遺跡めいた空間と儀式、首や死体の装飾、読経や演説が混在する閉じた共同体で、そこでは国家の命令よりも「強い意志」が支配する。ウィラードは任務を遂行しながら、同時に自分の内側にもある暴力や空虚さを見つめさせられる。この作品は、近代的な軍事システムが人間を合理化するほど、かえって道徳が壊れ、暴力が宗教のように正当化される逆説を描く。川を上る旅は、地理の移動であると同時に、人間の心が闇へ近づく過程であり、「正気」と「狂気」、「命令」と「自由」の境界が崩れる場所を示している。最終的に問われるのは勝敗ではなく、戦争が人間から何を奪い、何を露わにするのか、という主題である。"""
10	洋画	ファイト・クラブ	舞台は現代の大都市。主人公は大企業で働き、出張と残業に追われる。部屋には量販店でそろえた家具や雑貨が整然と並び、カタログのように「正しい暮らし」を再現している。しかし心は空虚で眠れず、使い捨ての消費生活と会社のルールに押し流されている感覚だけが強まる。眠るために主人公は、病院や公民館のような場所で開かれる患者の集まりを渡り歩き、他人の痛みを借りて泣くことで一時的に落ち着く。そこへマーラという女性が現れ、同じように集まりに紛れ込む。鏡合わせの存在が現れたことで、主人公の「逃げ場」は崩れる。さらに出張の機内でタイラーという男と出会い、夜の街の駐車場や地下室のような閉じた空間で、素手の殴り合いを始める。照明の暗い裏口、汗と血の匂い、観客の輪。やがてそれは「ファイト・クラブ」として広がり、日中は従業員や客として従順な男たちが、夜には痛みを通して自分の存在を確かめる儀式になっていく。さらに活動は、合言葉、制服のような服装、共同生活の家、手作りの石けん、爆薬の材料、監視や訓練といった「装置」を備え、組織化される。クレジットや広告が支配する街の仕組みそのものを揺さぶる計画が進み、ビルや金融システムが象徴として狙われる。主人公は、自由を求めたはずの運動が新たな規律と暴力の体系に変わっていくことに恐怖し、止めようとする。物語の核は、消費と労働が作る「空っぽの自己」と、そこから抜け出したい欲望である。痛み、破壊、共同体は解放の形を装うが、同時に別の支配にもなる。主人公は、自分の内側にある衝動と向き合い、「何者かになりたい」焦りや男らしさの神話、社会の成功モデルへの反発が、どこへ行き着くのかを突きつけられる。最後に問われるのは、世界を壊すことではなく、自分の責任で自分を引き受け直せるのか、という一点である。
11	洋画	ジョーカー	舞台は、荒れた大都市に見えるが、どこの国かは明言されない。時代は少し古く、街には古い型の車が走り、テレビは箱型で、街角のポスターや看板は色あせている。景気は悪く、失業と貧困が広がり、ゴミ収集が止まって路上に袋が積み上がる。地下鉄は暗く、車内には落書きがあり、治安の悪さが日常になっている。公的な福祉や医療は縮小され、役所の窓口も支援を切り捨てる。そんな環境の中で、貧しい人々の不満は、富裕層への怒りとして街にたまっていく。主人公のアーサーは、道具としての化粧と仮面を使い、仕事では道化師の衣装で笑いを売る。しかし心身の不調を抱え、支援制度に頼って薬と面談を受けている。家庭では病気の母を介護し、古いアパートで息をひそめるように暮らす。彼が望むのは「見てもらうこと」「尊重されること」だが、街は彼を透明な存在のように扱い、侮辱と暴力が積み重なる。やがて地下鉄や路上での出来事をきっかけに、暴力が連鎖し、街では仮面をかぶった抗議が広がっていく。テレビ番組や豪華な劇場は、貧困の外側にある別世界として描かれ、階級の差を際立たせる。アーサーは笑いを武器にも救いにもできず、孤立の中で自分の物語を作り替えていく。彼の変化は「悪人が生まれる」話というより、支えのない社会が人を追い詰め、怒りを娯楽として消費し、弱者を嘲笑する構造の告発として進む。終盤、メディアの明るい照明の下で彼は自分の痛みを言葉と行動に変え、街の混乱は象徴としての仮面と暴動へと転化する。作品は、孤独、格差、支援の欠如、そして他者への想像力の欠落が、個人と社会を同時に壊していく主題を強く示して終わる。
12	洋画	インディ・ジョーンズ/最後の聖戦	砂漠の遺跡や石造りの神殿、地下へ続く回廊、古い地図や暗号、そして宗教的な伝承に結びついた「聖なる杯」をめぐる冒険を描く。舞台は、飛行船や自動車、列車などの移動手段が発達しつつも、各地に未踏の遺構が残る時代である。主人公のインディは大学で教える学者で、発掘道具と資料、そして危険な現場で身を守るための装備を携え、遺跡の罠や敵対勢力の追跡をくぐり抜けてきた。物語は、インディの父であるヘンリーが「聖なる杯」の手がかりを追う途中で消息を絶つことから動き出す。残された研究ノートには、古文書の読み解き、象徴の解釈、地理の推定が積み重ねられており、杯へ至る道筋が“知識の継承”として記されている。インディは父の足跡をたどり、図書館の地下に隠れた墓所のような空間や、古い石室に仕掛けられた機械的な罠、合言葉や信仰に基づく試練を突破していく。敵は杯を権力の道具として欲し、軍事的な装備と組織力で迫るが、遺跡では武力よりも「言葉」「意味」「選択」が鍵となる。やがて父子は合流するものの、研究への執着や価値観の違いが衝突を生む。しかし旅の中で、父の知識は生き延びるための知恵となり、インディの行動力は父を現実へ引き戻す力となって、互いの欠けていた部分を補い合う。終盤の神殿では、外見が似た杯が並び、正しい一つを選ばねばならない。ここで示される主題は、奇跡や永遠の命そのものよりも、「欲望に支配されない慎み」「信仰や伝承の本質を見抜く姿勢」、そして何より「家族との関係を選び直す勇気」である。聖なるものを手に入れることより、何を手放し、誰と生きるかが問われる物語として結末へ向かう。
13	洋画	ショーシャンクの空に	舞台は二十世紀半ばのアメリカ。厳重な壁と鉄格子、監視塔とサーチライトに囲まれた州立刑務所が物語の中心である。中では、独房や食堂、作業場、洗濯場、書類の並ぶ事務室などが日常の空間となり、囚人たちは決められた号令、検身、規則、暴力の気配の中で時間を削られていく。そこへアンディが入所する。彼は無実を訴えつつも、冷たい制度の歯車に組み込まれ、石の壁の中で長い年月を生きることになる。語り手となるレッドは、場に慣れた囚人として新入りを見つめ、刑務所の「当たり前」に染まっていく心の危うさを知っている。アンディは、作業や書類仕事を通じて看守や所長に接近し、刑務所の内側にある金や権力の流れ――帳簿、税金、寄付、裏金――に関わる役目を担わされる。だが同時に彼は、生活の中に外の世界の手触りを持ち込もうとする。たとえば音楽を流す装置、書物を集める手紙、壁に貼る紙の図像、囚人たちが学ぶための小さな教室。こうした小道具や制度の隙間は、閉鎖空間の空気をわずかに変え、「人が人として呼吸する」ための場所を作っていく。物語が強調する主題は、閉じ込める仕組みが身体だけでなく心まで縛ること、そしてそれに抗して「希望」を守ることの難しさである。刑務所は、時間が人を鈍らせ、自由を想像する力を奪っていく世界だ。アンディは、その世界観に飲み込まれず、静かに準備を重ねる。レッドもまた、友情を通じて「外へ出た後の人生」を考え直していく。やがて周到に隠されていた計画が実行され、石の壁と規則が絶対ではないことが示される。最後に残るのは、過酷な場所と長い時間を越えてなお、人が希望を選び取れるのかという問いである。
14	洋画	フォレスト・ガンプ/一期一会	ある男性が、南部の小さな町で幼い頃を過ごす。脚に装具を付け、周囲から軽んじられながらも、母に「自分の道は自分で決める」と教えられて育つ。学校へ向かう道やバス停といった日常の場所で、彼はジェニーという少女と出会い、心の支えを得る。やがて走ることの才能が、彼を外の世界へ押し出していく。時代は、公民権運動やベトナム戦争が社会を揺らす頃から、国の空気が大きく変化していく時期へ移る。彼は大学の競技場、軍の訓練施設、戦場の密林、帰還後の港町、国中を横断する道路など、さまざまな場所に立たされる。軍服、勲章、車いす、卓球台、漁船、株式の紙切れ、テレビの映像といった小道具が、時代の移り変わりと彼の立場の変化を具体的に示していく。彼はそのつど、深く考え抜いて策略を巡らすというより、目の前の言葉や約束を信じて動き、偶然の連なりの中で歴史的な出来事の近くに居合わせてしまう。一方のジェニーは、別の都市や集まりへ身を置き、時代のうねりの中で傷つきながら生き方を探す。二人は離れては再会し、選択の積み重ねがそれぞれを違う場所へ運ぶ。物語が見つめる主題は、知性や社会的な評価では測れない「誠実さ」と、変化の激しい世界で人がどう生きるかという問いである。運命は偶然のように降ってくるが、愛する人を思い続け、約束を守り、走り続ける行為が人生を形づくる。最後に彼は、過去の出来事を抱えながらも次の世代へ目を向け、一期一会の出会いが残す意味を静かに受け止めていく。
15	洋画	バック・トゥ・ザ・フューチャー	青年マーティは、科学好きの友人ドクとともに、車を改造した時間移動装置の実験に立ち会う。装置は強いエネルギーを得ると、指定した年代へ一気に移動できる。しかし騒動が起き、マーティは装置を動かしてしまい、現在とは大きく違う1950年代の町へ飛ばされる。そこは車社会が広がり始めた時代で、服装や流行、家庭の価値観、学校の空気までが別物だ。マーティは未来の人間として目立たないようにしつつ、元の時代へ戻る方法を探す。だが時間移動の影響で、彼は若い頃の母と父に出会い、家族が成立する前の関係を乱してしまう。もし両親が結ばれなければ、自分が生まれないかもしれない。写真など身近な小道具が「存在の危機」を示し、時間の流れが目に見える形で揺らぐ。マーティは、当時のドクの協力を得て、未来に帰るための「一度きりの大きな電力」を利用する計画を立てる。雷など自然現象と装置の条件を組み合わせ、秒単位で場所とタイミングを合わせる必要がある。同時にマーティは、両親が出会い直し、互いを選び取る状況を作らねばならない。過去の小さな選択が未来の家庭や人格を変えること、しかし運命が固定ではなく行動で形作られることが物語の核となる。計画が成功すれば帰還できるが、成功しても未来は以前と同じとは限らない。作品は、時間と因果、家族のつながり、そして「自分の人生は自分の選択で変えられる」という主題を、装置や時代の差異を通して分かりやすく描く。
16	洋画	コーダ -あいのうた-	海辺の町で、漁船や港の市場が生活の中心になっている家庭に、耳の聞こえる少女ルビーがいる。家族は耳が聞こえず、手話と身ぶりで会話しながら、夜明け前から船を出し、魚を選別し、トラックに積んで売るという、体力と段取りがものを言う仕事を続けている。ルビーは学校に通いながら、家庭では「聞こえる人」として電話対応や価格交渉、役所の手続きの通訳まで担い、家の外と中をつなぐ役目を背負っている。学校では合唱の授業があり、ピアノ伴奏や発声練習、オーディションといった「音」を前提にした環境がある。ルビーは歌うことに惹かれ、先生の後押しで進学のための試験に挑戦しようとする。しかし家の仕事は季節や天候に左右され、同業者との摩擦や規制の問題も起きる。家族が交渉の場に出るには通訳が必要で、ルビーがいないと話が進まない現実がある。合唱の練習、試験の準備、港の仕事の手伝いが重なり、時間も気持ちも引き裂かれていく。この物語は、家族を支える責任と、自分の声で未来を選びたい願いがぶつかる話である。同時に、聞こえる／聞こえないという違いが「欠け」ではなく文化や誇りでもあること、そして互いを守るために黙って背負ってきた役割を、言葉だけでなく行動で組み替えていく過程を描く。港の騒音、教室の響き、手話の静かな強さが対比され、ルビーが「通訳」から「自分自身」へと踏み出す決断と、家族がそれを受け止めていく姿に主題が置かれている。
17	洋画	ターミネーター２	近未来、機械が自分で考える軍事用のシステムが人類に戦争を仕掛け、世界は焼け野原になる。生き残った人々は、機械が作る人型の戦闘兵器と戦い続ける。機械側は過去へ時間移動できる装置を使い、「未来の抵抗の中心人物」になる少年を子どものうちに消そうとする。送り込まれるのは、金属が液体のように形を変え、刃物や鍵のような道具に変形できる最新型の暗殺者だ。一方、人間側も別の時間移動で、旧型だが頑丈な人型兵器を「守る側」として送り込む。現代の都市では、高速道路、工場、病院、研究施設など、機械に有利な硬い環境が舞台になる。追跡は監視装置や警察の武器、車両、通信など現代の仕組みを利用して拡大し、少年と母親は逃げ続ける。やがて彼らは、未来の戦争を生む研究と装置の存在を知り、原因を断つために動く。金属の暗殺者は熱や衝撃でも再生し、閉ざされた空間ほど脅威になるが、工業用の設備や溶解炉のような重い装置が唯一の対抗手段になる。物語の中心は「未来は決まっているのか」という問いだ。機械が示す運命の地獄を前に、母親は復讐と恐怖に傾き、少年は人を守る意味を学ぶ。そして本来は冷たい兵器である守護者が、人間の言葉や約束を通して「命を奪わない」という選択を支え、家族のような関係が生まれていく。暴力で未来を作るのではなく、知恵と責任で連鎖を止めること。人間が自分の手で、別の未来を選べるのかが主題として描かれる。
18	洋画	シンドラーのリスト	第二次世界大戦のさなか、ある占領下の都市で、工場と労働の仕組みが急速に「戦争向け」に組み替えられていく。通りでは制服の権力が人々の移動や所持品を細かく管理し、身分を示す書類や印が生活の境目になる。やがて高い塀と監視塔、検問、点呼、収容棟といった装置を備えた隔離区域が整えられ、労働は「許可証」と引き換えに生存をつなぐ手段になっていく。列車の貨車、名簿、タイプライター、印鑑、現金、賄賂が、命の重さを冷たく計算する道具として機能する。オスカー・シンドラーは、その状況を商機として利用し、軍需に関わる製品を作る工場を動かし始める。会計や書類手続き、兵站の都合、監督官の気分といった「制度の隙間」を読み、必要な人員を「熟練工」として登録することで、収容と殺害の連鎖から人々を引き離そうとする。隔離区域の解体が進み、暴力が日常の作業手順のように繰り返されるなかで、シンドラーは利益よりも「特定の個人を生かして働かせる」ことに軸足を移していく。アーモン・ゲートの支配する収容施設では、銃、鍵、命令、気まぐれが秩序を作り、従うこと自体が生存戦略になる。戦局が変わり、工場の移転が命じられると、輸送の手続きと名簿作りが決定的になる。シンドラーはイザック・シュターンとともに、名前の並び＝リストによって「誰がどこへ送られるか」を書類の上で組み替え、列車と収容所の網の目から人々を救い出そうとする。物資不足、監視、誤送、事故のような理不尽が続いても、名簿と交渉と工場の稼働が盾となる。この作品は、大きな歴史や制度が人間を番号や分類に変えていく恐怖を、場所の装置や書類の手触りで示しつつ、同時に、その制度の内部でも「選ぶ」ことができるという主題を描く。利益の計算で動いていた個人が、目の前の他者の命を具体的な重さとして受け止め、行為によって償いと責任に向き合っていく物語である。
19	洋画	マイノリティ・リポート	近未来の大都市では、殺人を起こす前の人物を特定し、事件を未然に止める捜査制度が運用されている。中核にあるのは、隔離された水槽のような装置に接続された三人の予知能力者で、彼らが見る断片的な未来映像が、映像解析の設備と巨大な情報網で整理される。捜査官は透明な画面の前で手袋型の操作具を使い、映像を切り貼りして犯行時刻や現場を絞り込み、部隊は自動運転の車両や追跡機器で容疑者を確保する。逮捕された人物は、裁判を経るより先に、意識だけを閉じ込める拘束装置に送られ、社会から隔絶される。制度の顔として活躍する捜査官ジョンは、ある日「未来の犯人」として自分の名前が予告に現れる。理由も動機も分からないまま、制度が自分を追う側に回り、街の監視網や身分確認の仕組みから逃げることになる。眼球による個人認証、広告が個人に呼びかける仕組み、日常の移動経路まで組み込まれた都市の設計は、便利さと引き換えに、逃走者には息苦しい檻になる。ジョンは、予知映像には誤差や欠落があり得ること、そして三人の予知のうち一人だけが異なる未来を見ている可能性があることを知り、制度の根拠そのものを疑い始める。やがてジョンは、未来が確定ではなく「選択の余地」を含むこと、予知が人間の判断と権力の都合で利用され得ることに直面する。犯罪をゼロに近づける安全は、未遂どころか「まだ起きていない意図」まで罰する危うさと背中合わせであり、自由意志、責任、正義とは何かが問われる。作品は、監視と予測が高度化した社会で、人は未来をどこまで決められてよいのか、そして恐怖による管理が人間性をどう変えるのかを描く。
20	洋画	ブレードランナー	近未来。巨大企業が人造人間を製造し、危険な作業や開拓に使っている。外見は人間と見分けがつかず、寿命は短い。反乱を防ぐため、地上では厳しい取り締まりが続き、逃亡した個体を見つけて処分する専門職がいる。物語は、酸性の雨が降り、ネオン広告が夜空を覆い、雑踏と多言語の看板が入り混じる巨大都市から始まる。空には飛行車が行き交い、建物は高層化し、路地には屋台、暗い工房、薄汚れた住居が密集する。主人公のデッカードは、その専門職に呼び戻され、地上に潜伏した数体の逃亡個体を追う。捜査は、精密な検査装置で感情反応を測る取り調べ、写真拡大の解析機、遺留品の追跡など、機械と記録に支えられて進む。さらに、人工の記憶を与えられた存在、合成された動物、企業の研究施設、冷たい光のオフィスなどが現れ、この世界が「本物」と「作り物」を日常的に混ぜて成り立っていることが示される。デッカードは、ある女性型の人造人間レイチェルと出会い、彼女が自分の記憶を自分の人生だと信じていることを知る。追跡を続けるほど、逃亡者たちは単なる「危険物」ではなく、短い寿命の恐怖と、生きた証の欲望を抱えた存在として描かれていく。彼らは創造主に寿命の延長を求め、叶わぬと知りながらもなお生にしがみつく。終盤、デッカードは追跡対象との直接対決に追い込まれ、自分が行っている「処分」が正義なのか、そもそも人間とは何で、人間らしさはどこに宿るのかを揺さぶられる。記憶が作られていても、感情が生まれ、他者を思うなら、それは本物ではないのか。短い命でも、恐れ、愛し、意味を探す姿は人間とどう違うのか。雨と暗闇の都市風景の中で、作品は「生命の価値」「共感の力」「作られた存在の権利」といったテーマを突きつけ、デッカードとレイチェルが選ぶ未来を、希望と不安が混ざる形で残して終わる。
21	洋画	アンチャーテッド	海辺の大都市にあるバーで働く若い男ネイサンは、孤児として育ち、幼いころに生き別れた兄を探し続けている。ある日、財宝を追う経験豊かな男ビクターが現れ、ネイサンの血筋と過去に関わる古い手掛かりを示して「世界のどこかに眠る伝説の黄金を一緒に探す」と持ちかける。手掛かりは、古い地図、暗号、年代物の記録、そして歴史の空白に隠された航海の痕跡へとつながり、舞台は近代的な街並みから、石造りの遺跡、地下の通路、豪奢な競売の場、警備の厳しい施設へと移っていく。移動の手段も、飛行機、船、車などが次々に現れ、追跡や潜入、罠だらけの探索が続く。同じ財宝を狙う勢力として、名家の後継者サンティアゴが資金と部下を動かし、目的のためには暴力もいとわない。さらに、ビクターの仲間だった女クロエも、味方なのか敵なのか揺れ動き、情報と利益を巡って駆け引きが重なる。古文書の解読や地形の読み取り、仕掛けを動かす装置の操作など、知恵と度胸が試される一方で、宝の在り処に近づくほど裏切りと疑いが濃くなる。この物語の主題は「宝そのものより、何を信じて進むか」である。ネイサンは、兄への思いに突き動かされながらも、金や名誉に振り回される大人たちの現実に直面する。危険な旅の中で彼は、相手を利用するのか、仲間として信じるのか、自分の過去を言い訳にするのかを選び直していく。最後に残るのは、黄金の価値だけでは測れない、絆と誠実さ、そして自分で道を決める覚悟である。
22	洋画	レザボア・ドッグス	"ある都市の昼間、宝石店を狙った強盗が計画される。計画を立てた人物が、実行役として数人の男を集めるが、互いの素性や過去が見えないように、全員に色名の呼び名だけが与えられる。集合場所や合図、車での移動、銃の扱い、無線や時計の段取りなど、作戦は「余計な感情を持ち込まない」ための装置として整えられる。しかし本番は即座に崩壊する。店の外で警察が異様に早く現れ、銃撃と混乱が起き、実行役は散り散りになる。生き残った数人は、郊外の倉庫に逃げ込み、負傷者を床に寝かせ、車や銃、血の跡を前にして、何が起きたのかを突き合わせる。倉庫という閉じた場所、外からのサイレン、無線の断片、弾切れや出血といった小道具が、時間を追うごとに彼らを追い詰める。疑いは一点に集まる。仲間の中に警察の内通者がいるのではないか。色名の呼び名は安全のためだったはずなのに、誰が何者か分からないことが、互いの信頼を壊す刃になる。緊張の中で人質が連れ込まれ、暴力が日常の道具として使われ、善悪の線引きは揺らいでいく。物語は、計画の「合理性」が人間の「感情」や「忠誠」と衝突し、崩れていく過程を描く。犯罪者同士の連帯は本物なのか、名前を消した関係に友情は成立するのか、組織への忠義と個人の良心は両立するのか。倉庫に閉じ込められた男たちは、外の警察よりも、内側の疑心と恐怖によって追い詰められ、最後に「誰を信じるか」という選択だけが残る。"""
23	洋画	フルメタル・ジャケット	物語は、若者たちが戦争に送り出されるまでと、実際に戦場で行動するまでの二部で進む。舞台は、軍の訓練施設と、熱帯の都市部の戦闘地域である。前半では、整列した寝台、磨かれた床、号令に合わせた行進、規格化された装備など、規律と管理の空間が強調される。髪を剃られ、制服を着せられ、銃を同じ手順で扱うことを繰り返すうちに、個人の言葉や表情は薄れていく。罰や侮辱の言葉が日常的に飛び、集団の同調圧力が強まるなかで、ある兵士が追い詰められ、訓練施設の秩序そのものが破綻する出来事が起きる。ここで、軍隊が人間を「部品」に変える仕組みと、その代償が示される。後半では、舞台が戦場の街へ移る。焼けた建物、崩れた壁、瓦礫の通り、煙、騒音、見えない狙撃の脅威が支配する。兵士たちは防弾具や無線、輸送車両、銃器を携え、記者用のヘルメット表示なども交えつつ、戦闘と報道が同じ空間に並ぶ。ここでは、訓練で作られた「役割」が現実の死と隣り合わせで試される。敵味方の区別が曖昧になり、正義や目的よりも、目の前で生き残る手順が優先される。作品の主題は、戦争が人を単純な善悪で語れない状態へ追い込み、制度と暴力が人格を作り替える過程である。規律、言葉、装備、都市の廃墟といった要素を通じて、兵士が「人間」であることと「兵器の一部」であることの矛盾が描かれ、観る側にもその不安と空虚さが残る。
24	洋画	マッドマックス 怒りのデス・ロード	荒廃した近未来。水と燃料が尽きかけ、砂漠が世界の大半を覆う。生き残った人々は、地下水を握る独裁者に支配され、要塞のような居住区に押し込められている。水は上から「施し」として一時だけ放流され、群衆は容器を奪い合う。病と放射線の影響で身体が弱い者も多く、健康な身体は資源として扱われる。輸血用の「血袋」にされた者は、鎖でつながれ、車両の燃料のように運ばれる。マックスは捕らえられ、血袋として改造車に固定される。やがて、武装車両の大隊が出発する。目的は物資拠点との交易とされるが、実際には支配者の側近であるフュリオサが、密かに「繁殖のために囲われた女性たち」を連れ出し、砂漠の彼方へ逃がそうとしていた。巨大なトラックを中心に、装甲車、バイク、スピーカーを積んだ車などが連なり、エンジン音と砂煙の中で追跡戦が始まる。車体は鉄板で補強され、鎖や銛で敵車を引き寄せ、爆薬や火炎で道を切り開く。太鼓と増幅装置で士気を煽る車が走り、戦争が儀式のように演出される。逃走の途中、マックスはフュリオサたちと利害が一致し、一時的に協力する。彼らは「緑の土地」という希望を求めるが、世界は既に変わり果て、戻るべき豊かさは簡単には見つからない。そこで彼らは、追う者から奪うのではなく、支配の中心を奪い返す道を選ぶ。要塞へ引き返し、暴力と搾取の循環を断ち切るためだ。物語は、資源を独占する権力と、それに身体ごと利用される人々の構図を描く。水、血、母体までもが「所有物」になる世界で、登場人物たちは「生き延びる」だけでなく「人として扱われる」ことを求める。連帯と選択によって、恐怖で成り立つ秩序をひっくり返し、分け合う未来へ踏み出すことが主題となっている。
25	洋画	アイアン・ジャイアント	"冷戦の緊張が続く時代、アメリカの海沿いの小さな町では、夜空から落ちてきた正体不明の巨大な金属の物体が噂になります。森の奥や鉄道の近くでは、電線や自動車部品が消えた形跡があり、住民は「何かがいる」と不安を強めます。ある日、少年のホーガースは、鉄くずを食べるようにして動く巨大ロボットと出会います。ロボットは機械でありながら幼い子どものように振る舞い、危険なものとそうでないものの区別を学んでいきます。町には、家庭用のテレビ、車、ダイナー、スクラップ置き場など、当時の暮らしを象徴する小道具が並びます。一方で、国は「未知の兵器」の可能性を疑い、無線や軍用車両、監視や捜索といった装置と仕組みで町を包み込みます。巨大ロボットの存在は、個人の静かな日常と、国家規模の恐怖と対立の論理を正面から衝突させます。海、森、線路、発電設備などの場所は、隠れ家にも追跡の舞台にもなり、巨大な体を持つ存在がこの世界でどう扱われるかを映し出します。物語の中心にある主題は、「外見や出自で善悪を決めないこと」と、「自分は何者になるかを選べる」という考え方です。巨大ロボットは“武器”として見られやすい存在ですが、ホーガースとの関わりの中で、破壊ではなく守る行動を学びます。恐怖が増幅される時代の空気の中で、相互理解と想像力がどれほど大切かが描かれ、最後には、力を持つ者がその力をどう使うかという倫理が強く問われます。"""
26	邦画	八甲田山	雪深い北国の山地を舞台に、近代の軍隊が「厳冬の山中を大部隊で行軍できるか」を試す計画を立てる。時代は近代化が進み、組織は命令と規律で動き、最新の装備や訓練が重視される一方、自然環境の危険はまだ十分に理解されていない。隊は冬用の衣類や食料、携行品を整え、地図と方位、連絡手段に頼って雪原へ入るが、気温の急降下、吹雪、視界不良、深い積雪が一気に条件を変える。道標は雪に消え、進路は定まらず、足は取られ、装備は凍り、体力は奪われていく。火を起こすことや乾いた衣類の確保、食料配分、休憩の取り方といった「小さな判断」の積み重ねが、生死に直結していく。行軍は次第に、訓練や精神力だけでは抗えない状況に追い込まれる。部隊は隊列を保とうとするが、寒さと疲労で意思疎通が乱れ、命令が現場に合わなくなり、判断の遅れが致命的な損耗を生む。山中の地形は単調に見えても、谷や斜面、雪庇などが罠となり、目印のない白い世界が人の方向感覚を奪う。救助や情報の伝達も難しく、孤立が深まるほど、装置や組織の力は細っていく。この作品が描く主題は、自然の圧倒的な力の前での人間の限界、そして組織が「目的」や「体面」を優先するときに起こる悲劇である。科学や制度を信じる時代だからこそ、現場の経験、地域の知恵、危険を前提にした備えが軽視される。凍える身体と薄れる意識の中で、人は仲間を思い、責任に縛られ、希望と絶望の間を揺れる。雪と風の世界観を通して、命令に従うことの重さ、判断することの難しさ、そして生き延びることの意味が静かに問い直される。個人名としては、隊を率いる神田、もう一方の指揮官である徳島が対照的に置かれ、同じ自然に向き合う姿勢の差が、結末の明暗として浮かび上がる。
27	邦画	Fukushima 50	巨大な地震と津波によって、海辺にある原子力発電所が深刻な事故に見舞われる。電源が失われ、冷却に必要な装置が止まり、暗い制御室では計器の値も十分に読めない。通信は乱れ、道路は寸断され、周囲の町には避難の指示が広がっていく。現場では、限られた懐中電灯、手書きのメモ、臨時の配線やバッテリー、手動の操作、仮設のポンプや消防のホースなど、あり合わせの小道具と人の手で危機をつなぎ止めようとする。時間との競争の中、圧力が高まり、温度が上がり、放射線への恐れも増していく一方で、中央からは撤退や方針転換を含む厳しい判断が迫られる。現場の指揮を執る伊崎利夫は、設備の限界と作業員の安全、そして周辺住民の被害の広がりを天秤にかけながら、最後まで踏みとどまる選択をする。吉田昌郎もまた、混乱する指示系統の中で現場の実情を伝え、冷却を回復させるための手段を探り続ける。作業に残る者、家族や故郷を思いながら去る者、葛藤しつつ戻る者が交差し、発電所という閉ざされた空間で、息苦しい夜と長い待機が重なっていく。この作品は、英雄譚として単純化するのではなく、巨大災害の現場で「誰が責任を負うのか」「命と任務をどう選ぶのか」という問いを据える。技術が想定を超えて崩れたとき、最後に残るのは装置ではなく、人の判断と連帯だという主題が、暗闇の制御室や泥水の構内、即席の作業によって具体的に描かれる。恐怖と使命感の間で揺れながらも、破局を避けようとする人々の姿を通して、危機に向き合う社会のあり方を問う物語である。
28	邦画	太陽を盗んだ男	舞台は高度成長の熱気が残る都会で、テレビが生活の中心にあり、警察の無線や防犯体制が近代化しつつある時代である。主人公の城戸誠は、公立学校で理科を教える一方、下町のアパートで孤独に暮らし、実験器具や薬品、鉛の遮蔽、放射線を測る計器などを集めている。教室の「理科室」という日常の空間と、夜の部屋に持ち込まれる装置の異様さの落差が、この物語の出発点になる。城戸は、普通の銃や爆弾ではなく、原子力に結びつく物質と工程を用い、手作りの核爆弾を完成させる。材料の入手、精製、組み立てには、都市の物流や工業の隙間が利用され、出来上がった爆弾は持ち運べる小道具として「箱」に収まる。国家が独占しているはずの力が、個人の手の中に降りてくるという世界観が強調される。城戸は爆弾を背景に、警察と社会へ向けて奇妙な要求を突きつける。金銭や政治的権力ではなく、「テレビで自分の好きな娯楽作品を放送しろ」という、消費社会的で幼稚にも見える要求である。警察側の中心となる山下警部は、封鎖線、車両追跡、無線指令、爆発物処理など、都市型治安の装置を総動員して対抗するが、城戸は群衆、交通、放送という“都市のシステム”そのものを盾にし、追跡をすり抜けていく。物語の主題は、巨大な技術とメディアに支配される社会で、個人が「見られること」「聞かれること」を武器にして存在証明しようとする危うさにある。世界を変える理念ではなく、退屈な日常と疎外感が、最終兵器を“自己表現の道具”へ変えてしまう。国家の暴力と個人の暴力、正義と狂気、公共の安全と個人の欲望が同じ装置の上に乗ってしまう恐怖を描き、最後にはその綱渡りが破綻へ向かう。
29	邦画	新幹線大爆破(1975)	高度成長が一段落し、人々の移動と物流が巨大な交通システムに依存する時代。東京から西へ向かう高速鉄道の列車に、爆弾が仕掛けられる。装置は速度が一定以下に落ちると作動する仕組みで、止まることも減速することも許されない。車内には通勤客、家族連れ、仕事の人など、日常を運ぶための「公共空間」がそのまま閉じ込められ、窓の外には当たり前の都市と田園が流れていく。だがその当たり前が、一本の配線と起爆回路によって一転し、国家規模の危機になる。犯人側は、爆弾の存在を電話で通告し、身代金を要求する。警察は犯人の特定と逮捕を急ぐ一方、鉄道会社と運行指令は、線路上の列車同士の間隔、分岐器の切り替え、踏切の遮断、駅のホームの封鎖、保線作業の停止など、広域の運行管理を総動員して「走り続けさせる」判断を迫られる。救助や爆発物処理も、接近すれば速度が落ちるという条件の前に無力化され、車内外の連携は無線や電話など限られた通信に依存する。走行する列車は、単なる乗り物ではなく、社会の血管のようなインフラとして描かれる。時間どおりに安全に走るという信頼が崩れたとき、個々の善意や勇気だけでは解けない問題が露わになる。身代金を支払うか、支払わないか。少数の命を切り捨ててでも全体の秩序を守るのか、それとも一人一人の命を最優先するのか。さらに、犯行の動機には、豊かさの陰で取り残された人間の怒りや絶望がにじみ、社会の歪みが事件を生むという視点が強調される。物語は、走り続ける列車を中心に、捜査、運行、政治判断、報道、そして車内の不安が同時進行し、巨大システムの「安全」と「正義」をめぐる綱引きとして展開する。最後まで緊張を保ったまま、公共の便利さの裏側にある脆さと、責任の所在の曖昧さを突きつける。
30	邦画	キングダム 大将軍の帰還	乾いた大地が広がる戦場の国々で、鉄の剣や槍、弓が主役となる時代。城壁に囲まれた都市と、土煙が舞う平原を、伝令の馬が駆け、陣太鼓と合図の旗が軍を動かす。国は版図を広げるために大軍をぶつけ合い、兵の数だけでなく、補給路、野営の配置、見張り台、伏兵の地形が勝敗を左右する。そんな世界で、若い兵士の信は、王の政が掲げる「国を一つにする」という大きな構想のもと、最前線で戦い続けている。今回の戦いでは、広い平原と丘陵、狭い谷筋、そして城へ続く要路が重要になる。敵は地形を使って軍を分断し、夜襲や包囲で混乱を狙う。味方は隊の旗を失わないように踏みとどまり、崩れた陣形を立て直し、負傷者を運び、矢が尽きれば刃で押し返す。将の号令ひとつ、伝令の一言ひとつが、多くの命の行方を決めてしまう。信は仲間とともに、目前の一戦を越えるため、恐怖と疲労を抱えながらも前へ出る。やがて、戦場には「大将軍」と呼ばれる存在の重みが浮かび上がる。戦う技量だけでなく、兵の心をつなぎ、散りかけた軍を再び一つに束ねる象徴として、その帰還が意味を持つ。勝つためには、力や策だけでは足りない。何を守り、何のために進むのかという意志が、隊の形を保ち、戦場の流れを変える。信は、自分が目指すべき将の姿と、仲間の命を背負う責任を突きつけられ、政もまた、理想を現実に変えるための犠牲と決断を迫られる。物語は、土と血の匂いがする戦場の具体の中で、「志を継ぐこと」「仲間を信じて前へ進むこと」「大きな理想と、目の前の命の重さを両立させること」を主題として進む。個人の武勇だけではなく、軍という集団、国という装置、そして時代のうねりの中で、人がどう立ち続けるのかが問われていく。
31	邦画	シン・ゴジラ	東京湾で正体不明の巨大生物が出現し、海上と沿岸の施設が破壊される。政府は緊急会議を重ねるが、災害対応の手順と法令の確認、縦割りの調整に時間がかかり、現場の状況は刻々と悪化する。生物は上陸して市街地を進み、建物や交通網、電力などの都市インフラが次々と損傷する。自衛のための武力行使も、被害拡大や民間人の安全確保との両立が難しく、判断は常に遅れがちになる。一方で官庁の一部は、既存の枠に収まらない非常時のための臨時チームを組み、文書、データ、映像、研究資料を集めて、生物の性質と弱点を探る。そこでは、専門分野や所属の違いよりも、目的に向けて速く動くことが優先される。対策は、通常兵器だけに頼らず、都市の機能を逆に利用する発想へ広がっていく。列車や道路、ポンプや貯蔵設備などの「街の装置」を動員し、危険区域の封鎖、避難計画、作戦の手順を組み立てる。生物は短時間で形態を変え、熱線のような攻撃で広い範囲を焼き、都市を一気に麻痺させる。ここで問題になるのは、強大な脅威そのものだけでなく、巨大災害に対して制度と組織がどう反応するか、そしてその反応の遅さが被害を増やすという現実である。物語は、机上の正しさと現場の切迫、前例主義と柔軟な実務、国内の意思決定と国際的な圧力の間で、社会が試される姿を描く。最後は、都市を守るために「破壊」より「停止」を狙う作戦が選ばれ、限られた時間の中で多くの人員と機材が連携し、危機をひとまず食い止める。テーマは、想定外の災厄に直面したとき、誰が責任を負い、どのように合意を作り、どれだけ速く現実に追いつけるか、という問いである。
32	邦画	ゴジラ-1.0	終戦直後、焼け野原となった日本が舞台。空襲で家も町も失われ、食料も住まいも不足し、人々は「生き延びること」自体に追われている。そこへ、海から巨大な怪獣が現れる。米軍の兵器の影響を思わせる異様な強さを持ち、街や港湾、列車など復興のための設備を次々となぎ倒し、戦争が終わったはずの社会に、別の破壊と恐怖をもたらす。主人公の敷島は、戦争の記憶と罪悪感を抱えたまま、瓦礫の町で日雇いの仕事に就く。闇市や仮設の住まい、配給の不足といった混乱の中で、敷島は明日をつなぐ生活を始めるが、怪獣の出現は「戦後のやり直し」を許さないかのように襲いかかる。政府も十分に機能せず、正規の軍事力も整わない。人々は、手持ちの道具、船、無線、そして限られた資材をかき集め、民間の知恵と連携で対抗策を組み立てていく。物語の核にあるのは、戦争で傷ついた心と、失われた日常を取り戻したいという切実な願いだ。怪獣は、自然災害のように理不尽で、戦争の延長のようにも見える「圧倒的な暴力」の象徴として立ちはだかる。敷島は、逃げたい気持ちと守りたいものの間で揺れながら、恐怖と向き合う決断を迫られる。復興の途上にある都市と生活の道具立てが壊されていく光景は、「ゼロから立ち上がろうとする社会」が再び「マイナス」に落とされる残酷さを示す。やがて、限られた装備でも実行可能な作戦が練られ、人々はそれぞれの持ち場で役割を引き受ける。勝ち目の薄い状況でも、誰かの明日を守るために知恵を出し合い、恐怖を共有し、前に進む。作品は、戦争の傷と責任、失われたものへの悔い、そしてそれでも生き直そうとする意志を描き、破壊の後に「再び立つ」ことの意味を問いかける。
33	邦画	万引き家族	東京の下町にある古びた木造家屋。夏は蒸し暑く、冬はすきま風が入る。狭い部屋に布団を敷きつめ、家電や日用品が雑多に置かれ、生活の音とにおいが染みついている。そこに、血縁のはっきりしない大人と子どもが身を寄せ合い、日雇い仕事やパート、年金の受給に加えて、スーパーや商店街での万引きを生活の「技術」として使いながら暮らしている。帰り道の暗い路地、安い総菜、商店街の蛍光灯、海へ行く小さなレジャー、花火の夜――そうした身近な風景の中で、彼らの暮らしは続く。ある冬の夜、家の外で震えていた幼い少女を見つけた二人が、家へ連れて帰る。食卓の明かりの下で温かい食事を与え、傷やあざに気づいた大人たちは、少女を「家族の一員」として迎え入れる。学校や行政の支援ではなく、家の中のルールと役割で守ろうとする選択が、彼らの結びつきを強めていく。一方で、万引きは子どもへと「教えられる」ことで習慣となり、家計の綱渡りはさらに危うくなる。近所の目、職場での立場、役所の書類、テレビのニュース――外の社会の仕組みが、少しずつ家の内側に影を落とす。やがて、ある出来事をきっかけに警察の捜査が入り、家は解体されるようにバラバラになっていく。取り調べや記録の場では、戸籍や血縁、保護の手続きといった「正しさ」の言葉で関係が測られ、彼らが積み重ねてきた日常の温度は言い換えられてしまう。誰が誰の親なのか、守っていたつもりの行為は何だったのか。貧困と孤立の中で、選べる手段が限られた人々が、それでも居場所を作ろうとした物語として、作品は「家族とは何か」「愛情は制度で量れるのか」「子どもを守るのは誰か」という問いを残す。血のつながりよりも、共に食べ、眠り、名前を呼び合った時間の重さが、静かに浮かび上がる。
34	邦画	世界の中心で、愛をさけぶ	物語は、現代の地方都市と、そこから少し遡る高校時代の回想を往復しながら進む。現代では、婚約を控えた朔太郎が、突然姿を消した婚約者を探す。手がかりは、古いカセットテープや手紙など、過去の記憶を呼び起こす小さな品々である。テープの声や書き残された言葉は、時間を越えて当時の感情を運び、彼を「過去の約束」へ引き戻していく。回想の舞台は、自然の多い地方の町と高校の教室、放課後の道、静かな海辺など、日常の風景が中心である。そこで朔太郎は同級生のアキと親しくなり、交換日記や録音といった素朴なやり取りを重ねながら、限られた時間を大切にする恋を育てていく。しかし病と入院によって、二人の行動範囲は病室や通院の道へと狭まり、窓の外の季節の変化や、物に触れる感覚がいっそう重みを持つ。旅や遠出への憧れは、地図やラジオ、録音機器といった「どこかへつながる道具」に託され、現実の壁を越える想像力として描かれる。作品の主題は、失われた人を「忘れない」ことと、喪失を抱えたまま「生きていく」ことの両立にある。愛は永遠の形で保存できない一方で、声や文字、場所の記憶として残り続け、人を現在へ動かす力にもなる。朔太郎は、過去の痛みを直視し、取り残された時間を回収するように歩くことで、悲しみを否定せずに受け入れていく。日常の風景、古い記録媒体、季節の移ろいが、青春の輝きと残酷さを同時に示し、「大切な人を失っても、愛した事実は消えない」というテーマを静かに結論へ導く。
35	邦画	七人の侍	戦で荒れた時代、山あいの小さな農村は、収穫のたびに野武士の一団に襲われ、米や道具を奪われ続けていた。村人は武器も金もなく、頼れるのは自分たちの鍬や槍代わりの竹だけだった。土の道、藁ぶきの家、田畑を囲う柵、見張り台にする櫓、雨をしのぐ蓑や傘――暮らしのすべてが、次の襲撃で失われる危機にある。村の長老の言葉で、村人は城下へ行き、「食べ物だけで用心棒をしてくれる侍」を探すことになる。城下は飢えた人々と浪人が行き交い、握り飯一つにも重みがある場所だった。村人は飢えた侍たちに頭を下げ、少ない米と野菜を約束して助けを求める。そこで人のために動ける侍として勘兵衛が決断し、五郎兵衛、七郎次、久蔵が加わる。さらに、血気にはやる若い侍の勝四郎、陽気で貧しい侍の平八も仲間になる。最後に、侍ではないのに侍のふりをしてついてくる菊千代が加わり、七人がそろう。村に戻った一行は、地形と生活道具を使って防衛を組み立てる。田のあぜ道を塞ぐ柵、出入口を絞る関所、敵を分断する溝、合図の太鼓、火を警戒する水桶。村人は槍を持つ練習をし、恐怖を抱えながらも共同で働く。やがて雨の中、火縄銃を持つ野武士が襲い、柵や泥、狭い道が戦いの装置となって人を倒していく。勝利には犠牲が伴い、村を守る戦いは、命と引き換えの現実として迫る。この物語が描くのは、強い者の武勇だけではなく、「守るために結束する」という倫理と、「戦いの勝者は誰か」という問いである。侍は名誉よりも役目を選び、村人は弱さやずるさも抱えたまま生き延びようとする。戦が終わると田植えの歌が戻り、畑は再び生活の場になる。一方で、侍たちは去っていく。人を守る力と、土に根ざして生きる力は交わりながらも同じ場所に留まれない――その切なさが、村の風景と道具の手触りの中で静かに残る。
36	アニメ	新世紀エヴァンゲリオン	大災害のあと、海や気候が変わり、人々は不安定な復興の時代を生きている。軍事と研究が結びついた大きな組織が、地下に巨大な施設と都市機能を重ねた要塞のような拠点を作り、世界の危機に備えている。敵として現れるのは、正体や目的がはっきりしない巨大な生命体で、通常兵器が効きにくい。迎え撃つために用意されるのが、人型の巨大兵器である。これは特殊な素材の装甲、制御用の装置、操縦席を満たす液体、神経のように接続する同期システムなど、生命と機械の境目があいまいな技術で動く。操縦には特定の適性が必要で、選ばれた少年少女が、強い痛みや恐怖を伴う感覚共有の状態で戦わされる。地下施設には機密区画や厳重な隔壁があり、情報は断片的にしか与えられない。戦いのたびに都市は地上から沈み、装置がせり上がり、兵器の整備や発進が儀式のように繰り返される一方、組織内部では別の計画が静かに進む。兵器や敵の出自、災害の真相、人類の進む道をめぐって、研究資料や儀礼めいた用語、秘密の文書が飛び交い、世界そのものが実験場のように扱われていく。その中で、碇シンジは命令と期待の間で揺れ、葛藤しながら操縦を担う。綾波レイは無感情に見える存在として配置され、惣流・アスカ・ラングレーは強さで自分を保とうとする。彼らは戦いを通じて、他人とつながりたい気持ちと傷つく恐れの間で引き裂かれ、自分が何者か、他者は何者かを問い続ける。物語は、外敵との戦闘だけでなく、孤独、依存、自己否定、親子関係、他者理解の困難さを掘り下げ、世界を救うための計画が、個人の心の問題と切り離せないことを示していく。最終的に、危機の正体は「外」にあるだけでなく「内」にもあり、人が他者と共に生きるために何を受け入れ、何を選ぶのかが中心の主題として浮かび上がる。
37	アニメ	進撃の巨人	高い壁に囲まれた都市で、人々は外の世界にいる「巨人」と呼ばれる人食いの存在を恐れながら暮らしている。壁は長い間、平和と安全の象徴だったが、ある日その均衡が崩れる。突然現れた異常に大きな巨人によって壁が破られ、避難と混乱のなかで多くの命が失われる。少年エレンは家族を奪われ、幼なじみのミカサ、友人のアルミンとともに、壁の外へ出て巨人と戦う兵団に加わる。都市の内部には階層があり、前線に近い区域ほど危険で貧しく、中心部ほど安全で豊かだ。兵団は装置を用いて立体的に移動し、建物や樹木を足場にして巨人の弱点を狙う。だが戦いは単なる力比べではなく、物資や人員の不足、恐怖による統制、責任の押し付け合いなど、社会の仕組みそのものが人々を追い詰める。さらに、壁や巨人の正体、歴史の空白、記録の改ざんといった「世界の前提」そのものが疑われ、閉じた生活圏がなぜ作られたのかが争点になっていく。物語が進むにつれ、敵が巨人だけではないことが明確になる。人間同士の対立、権力の維持のための暴力、情報を握る者が真実を隠す構造が、外の脅威と同じかそれ以上に人々を傷つける。エレンたちは「壁の中の常識」を疑い、外の世界へ出ることを望むが、その先でも別の境界線と憎悪の連鎖が待っている。作品は、自由とは何か、恐怖が社会をどう変えるか、正義が立場で反転すること、そして復讐と差別の連鎖を断ち切れるのかを問う。生き残るための選択が誰かの犠牲を伴う現実の中で、個人の願いと集団の都合が衝突し続ける。
38	アニメ	鬼滅の刃 無限列車編	大正時代の日本。人を襲う怪物が夜に出る世界で、日中は普通の町や村があり、夜になると命の危険が増します。怪物に対抗するため、刀で戦う剣士たちの組織があり、彼らは汽車や街道を使って各地の異変へ向かいます。ある夜行の蒸気機関車で、短い期間に大勢の乗客が行方不明になる事件が続きます。そこで、炭治郎・禰豆子・善逸・伊之助は、上位の剣士である煉獄杏寿郎と合流し、列車の中で調査と警護に当たります。舞台は逃げ場の少ない車内です。狭い通路、連結部、座席の並ぶ客車、闇の車窓、揺れと騒音、乗客の寝息。こうした環境そのものが、戦いの条件になります。敵は、乗客を眠らせ、夢を見せる力を使います。眠りは休息のはずなのに、ここでは心の弱点に触れる罠になります。夢の中では、失ったものが戻り、望んだ日常が与えられます。しかしそれは現実ではなく、目覚めなければ列車の中で命が奪われます。炭治郎たちは、苦しくても現実に戻る決断を迫られます。さらに列車そのものが異常な装置のように利用され、車体や通路が戦場へ変わっていきます。物語の主題は、優しさと責任を両立させること、そして痛みを抱えながら前へ進むことです。守るべき人々が眠る車内で、剣士たちは恐怖や悲しみを飲み込み、命を守るために刃を振るいます。夢という甘い救いに逃げず、現実で誰かを守る選択を重ねることで、「弱い者を守る」という意志が試され、受け継がれていきます。
39	アニメ	SPY×FAMILY CODE WHITE	東西に分断された緊張状態が続く時代。東側の国の政治中枢では、戦争につながりかねない動きが水面下で進み、情報戦が激しさを増している。西側の情報機関は、表向きは平和を保ちながら、密かな監視と潜入で衝突を避けようとしている。そこで任務を負うのが、偽の家族を作って社会に溶け込み、学校行事や保護者同士の交流といった「日常の場」から標的に近づく作戦である。ロイドは、身分を偽装し、家庭という形を装って任務を進める。しかし家族には秘密があり、ヨルは戦闘訓練を受けた暗殺者、アーニャは他人の心を読む力を持つ。互いの正体を知らないまま、家庭用品や書類、制服、乗り物、通信機器などを使い分け、監視の目をかいくぐって行動する。物語では、旅行やイベントのような平和な装いの時間が、諜報組織や武装勢力の思惑によって一気に危険地帯へ変わっていく。列車や施設、検査や追跡といった装置的な状況が重なり、「家族の外見」と「国家の都合」が正面からぶつかる。この作品が強調する主題は、平和のために作られたはずの偽装が、当人たちにとって本物の絆へ変わっていくことにある。任務や命令、効率や成果が優先される世界で、ささやかな食事や会話、守りたい相手の存在が、人を踏みとどまらせる。ロイドは任務の成功と家族の安全の間で揺れ、ヨルは「守る」という感情の意味を問い直し、アーニャは大人たちの秘密と不安を抱えながらも家族をつなごうとする。冷たい情報戦の裏で、家族という小さな共同体が、憎しみの連鎖を断ち切る希望として描かれていく。
40	アニメ	チェンソーマン レゼ編	民間の悪魔狩りとして働く少年は、都市の裏路地や雑居ビル、地下の通路など、日常のすぐ隣にある危険な空間で依頼をこなしている。血で動く刃のような武器、悪魔の肉片から作られた道具、公安が用意する拘束具や監視体制など、人を守るための装置は整っているようで、どれも暴力と損耗を前提にしている。近代的な街の風景の中に、爆発や銃撃が突然入り込み、普通の生活はいつでも壊れる。少年は、雨の日の電話ボックスや川辺、夜の街灯の下といった、ささやかな場所で「普通の恋」や「普通の暮らし」を想像し始める。そこで出会う少女は、学校や家庭の匂いがするような言葉を使い、パンや飲み物、花火の音といった小さな小道具で、少年の心を“日常”へ引き寄せる。しかしその裏で、少女は国家や組織の思惑がぶつかる諜報戦の駒であり、身体そのものが兵器として設計された存在でもある。海辺の施設や倉庫、車両や爆薬、夜の遊園地など、舞台は「楽しいはずの場所」ほど戦場に変わる。この物語の主題は、貧しさと暴力の中で生きる少年が、他者とのつながりや愛情を求めるほど、国家の都合や支配の仕組みに回収されていく残酷さにある。守るための組織、愛するための言葉、夢を見るための娯楽が、同時に人を利用し壊す装置として働く。少年は、誰かに選ばれたい、必要とされたいと願いながら、戦うことでしか生きられない現実を突きつけられ、ひとつの出会いが「自由」ではなく「鎖」になりうることを知っていく。
41	アニメ	君の名は	山あいの小さな町で暮らす女子高校生の三葉は、家のしきたりや周囲の目に息苦しさを感じ、知らない大都会での生活にあこがれている。いっぽう、都会で暮らす男子高校生の瀧は、学校とアルバイトに追われる日々を送り、ふとした空虚さを抱えている。ある日から二人は、眠っているあいだに入れ替わって目覚めるようになる。入れ替わりは突然で、日付や出来事がかみ合わないことも多い。二人は、残されたメモや携帯端末の記録を使ってルールを作り、互いの生活を壊さないように振る舞いながら、少しずつ相手の環境を理解していく。町では祭りの準備が進み、古い神社の作法や、家に伝わる儀式、手作業で受け継がれる品が、土地の時間の積み重なりを感じさせる。都会では電車や高層の街並み、人の流れが速い時間を象徴する。やがて入れ替わりが途切れ、瀧は「会えない」違和感の正体を確かめるため、限られた記憶と風景の手がかりだけで町を探し始める。そこで、時代のずれと、空から落ちてくる災厄が町を変えてしまった事実に触れ、過去と未来をまたぐ選択を迫られる。物語は、離れた場所と時間にいる二人が、名前と記憶というほどけやすい糸をたぐり寄せ、失われる運命に抗おうとする姿を描く。テーマは、すれ違いのなかでも誰かを強く求める心、日常の背後にある土地の記憶、そして「出会うこと」そのものが人生を動かす力になるという希望である。
42	アニメ	もののけ姫	呪いを受けた若い男が、呪いの原因を探して西へ向かう。道中には、深い森と山が広がり、そこには獣の神々や精霊が棲むとされる。一方で、人の側では、森の木を切り、山の土を掘り、火と鉄を使って生活を成り立たせる集落がある。そこでは炉が燃え、鉄を作るための道具と仕組みが働き、銃が作られ、外の社会と品を交換して暮らしている。森は古い力を持つ場所であり、集落は新しい技術を押し広げる場所として、同じ土地をめぐってぶつかっている。男は、森で育った少女サンと出会う。サンは人を憎み、森の側に立って戦う。集落を率いる女エボシは、人の暮らしを守るために森を切り開き、鉄を増やそうとする。獣の神々は、森の秩序を守ろうとして人に牙をむく。こうして、森の生き物の世界と、人の技術と労働の世界が、同じ山と谷を舞台に激しく対立していく。やがて争いは、森の大きな存在の力を奪い取ろうとする行動へ進み、自然の均衡が崩れ、土地そのものが死と恐怖に覆われていく。男は呪いに苦しみながらも、憎しみで相手を切り捨てず、「曇りなき目」で双方を見て止めようとする。サンもまた、人と森の間で揺れながら、自分の怒りだけでは守れない現実に触れていく。この物語は、自然を守ることと人が生きることが簡単に両立しない状況を描き、どちらかを完全な悪として片づけない。技術や開発がもたらす救いと傷、恐れが憎しみに変わる仕組み、そして対立の中でなお共に生きる道を探す意志が主題となっている。
43	アニメ	FIRST SLAM DUNK	現代の日本。大きな屋内体育館で行われる高校バスケットボールの全国大会、その一試合が物語の中心になる。観客席のざわめき、照明の強い光、木の床のきしみ、電子掲示板の得点表示、ベンチのタオルや給水ボトル、シューズの音、ボールがリングやボードに当たる乾いた響きが、試合の緊張を具体的に形づくる。テレビ中継やアナウンス、審判の笛、交代を告げる合図など、限られた時間と空間の中で勝敗が刻々と動く。コートでは、身体の痛みや疲労を抱えながらも、最後まで走り、守り、一本のシュートに賭ける選手たちがいる。宮城リョータは試合の只中で、過去の出来事や家族の記憶、失ったものへの思いを何度も思い出しながら、それでも今ここで自分が果たす役割を選び直していく。強豪を相手に点差が開いたり縮まったりするたび、会場の空気は重くなり、また一瞬で熱く沸騰する。ベンチとコート、観客席と通路、ロッカー周りの静けさと、試合中の騒音の対比が、選手の心の揺れを際立たせる。この作品が描く主題は、「勝つため」だけではなく、「折れそうな自分を支えて前に進むこと」にある。過去の喪失や後悔を抱えたままでも、人は仲間の動き、パスの感触、守備の一歩、次の一本に集中することで、いまの自分を更新できる。限られた時間の中で積み重なる選択が、人生と同じように取り返しのつかない重みを持つ。だからこそ、最後まで諦めずに“今できること”を尽くす姿が、静かに強い希望として残る。
44	アニメ	天空の城ラピュタ	鉱山で働く少年パズーは、空から落ちてきた少女シータを助ける。シータは首に青い石のペンダントを下げており、それを狙う軍と空賊に追われていた。やがて二人は、産業化が進む世界で、飛行船や機関車、通信装置、武器工場などの技術が力を持ち、人々が資源と軍事力を求めて動いている現実を知る。ペンダントの石は古代の高度な技術と結びつき、天空にある失われた城へ導く鍵でもあった。石の力で空中に隠れていた城へ近づくと、そこには長い年月、誰も住まないまま残った建造物と機械、無人の防衛装置、そして植物に覆われた庭が広がる。空に浮かぶ都市は、かつて人間が自然を超えて支配しようとした文明の名残であり、同時に、手入れなくとも生き続ける自然の強さも示していた。軍の指揮官ムスカは城の力を兵器として利用し、地上を支配しようとする。一方、パズーとシータは、石と城がもつ力が人を傷つけ、欲望を増幅させる危険を悟る。二人は、古代の言葉によって装置を止め、城の中枢を崩す決断をする。巨大な力を手に入れることより、誰かと共に生き、地上で働き、守るべきものを守ることを選ぶためだ。城は崩れ、危険な力は失われるが、自然に抱かれた一部は空へ残る。物語は、技術や権力への執着よりも、人間の良心と連帯、そして自然と共にある暮らしこそが未来を支える、という主題を浮かび上がらせる。
45	アニメ	ONE PIECE FILM RED	海に無数の島が点在し、海賊と海軍がせめぎ合う時代。人々は「悪魔の実」と呼ばれる不思議な力や、通信や配信を可能にする装置など、発達した技術と超常の力が同居する世界で暮らしている。そんな中、世界的な歌姫であるウタが、音楽ライブを開く。会場は海上に造られた巨大な施設で、各地から観客が集まり、映像と音響、舞台装置によって“理想の時間”が提供される。だが、ライブは単なる娯楽ではなく、人々を別の現実へ導く仕組みと結びついていた。歌声を合図に、観客の意識は“歌の世界”へ移され、現実の身体は会場側の管理下に置かれる。そこでは争いも貧しさもなく、思い描いた幸福が形になる。外の世界では海賊の襲撃や武力衝突が起き得る一方、内側の世界では安全と安堵が保証される。観客にとっては救いに見えるが、現実へ戻る道が閉ざされれば、それは自由の喪失でもある。ルフィたちは、夢のような平和が「選べる未来」なのか、それとも「奪われる現在」なのかを突きつけられる。歌が与える癒やしと支配、現実の痛みと生きる手触りが衝突し、会場の装置や能力の連動が暴走すると、外の世界の被害も現実味を帯びていく。物語は、みんなを救いたいという願いが、いつしか他者の意思を上書きしてしまう危うさを描く。最後に問われるのは、苦しみのない“作られた幸せ”よりも、不完全でも自分で選び取る自由をどう守るか、という主題である。
46	アニメ	AKIRA	第三次世界大戦ののち、巨大な湾岸都市が再建される。高層ビルとスラムが同居し、暴動と政治運動が絶えない。政府は治安維持を強め、軍は極秘の研究施設で、人間の脳や神経に関わる特殊な力を研究している。街では暴走族が夜の高速道路を走り、薬物や新興宗教めいた集団が「救い」や「奇跡」を語り、人々の不満と不安が増幅していく。そこに、国家の実験の痕跡である子どもたちと、厳重に隠された計画の存在が影を落とす。少年の金田と鉄雄は、荒れた都市で生きる仲間として走り回るが、ある事故をきっかけに鉄雄の身体に異変が起き、未知の力が芽生える。その力は医療機器や薬で抑えられず、軍の管理下に置かれ、研究と監視の対象になる。やがて鉄雄は、街の騒乱、反政府組織、秘密施設、宗教的熱狂と結びつきながら、力に飲み込まれていく。地下施設や研究装置、隔離された区画、崩壊していく都市インフラが、暴走する力の舞台となる。物語の主題は、科学技術と国家権力が「人間の内側」に踏み込み、制御できないものを呼び起こす危うさである。同時に、満たされない若者の孤独、劣等感、承認欲求が、巨大な力と結びついたときの破壊性が描かれる。復興都市の繁栄の裏にある空虚さと暴力、そして「進歩」の名のもとで繰り返される実験と隠蔽が、個人の悲劇と社会の崩壊として噴き出していく。金田は暴走する鉄雄を止めようとし、その対立は、友情と支配、自由と管理という問いへ広がっていく。
47	アニメ	僕のヒーローアカデミア THE MOVIE ～2人の英雄～	巨大な超高層の人工島で、ヒーローたちの最新技術を集めた展示と式典が開かれる。そこは海上に浮かぶ閉じた空間で、入場管理や監視システム、通信網、支援装置などが高度に整えられ、外の社会から切り離された「安全な未来都市」として設計されている。招待された緑谷出久は、平和の象徴であるオールマイトとともに島を訪れ、個性と科学が結び付く世界の最前線を目の当たりにする。しかし式典の最中、島のシステムが乗っ取られ、外部との連絡が断たれる。出入口は封鎖され、制御された設備が逆に人々を追い詰める道具へ変わる。展示されていた支援技術やデータ、都市全体の管理機構が、犯人の目的のために利用され、島は巨大な罠のような密室になる。市民や関係者は人質となり、限られた資源と時間の中で、ヒーロー側は「守るための仕組み」を「救うために使い直す」判断を迫られる。出久は、災害や戦闘に強い装備がなくても、周囲の環境や道具、仲間との連携で道を切り開こうとする。一方でオールマイトも、自らの力が永遠ではない現実と向き合いながら、次の世代へ何を残せるのかを考える。人工島という実験場は、個性の強さだけでなく、技術・管理・社会の仕組みが人を救うことも縛ることもあると示す舞台になる。物語の主題は、「受け継ぐこと」と「支え合うこと」にある。力は一人の英雄だけのものではなく、意志と選択として次へ渡され、仲間と市民の手で補われて初めて人を守れる。未来的な都市が崩れかける危機の中で、出久とオールマイトは、世代を超えた信頼を行動で示し、ヒーローとは何かを問い直していく。
48	アニメ	GHOST IN THE SHELL 攻殻機動隊	高度に情報化した近未来。人々は体の一部や全部を機械に置き換え、脳もネットにつながることが当たり前になっている。現実の街は、雑多な高層建築と古い路地が混ざり、電光表示や監視機器、通信回線が張り巡らされる。個人は端末や義体を通じて仕事も生活もネットワークに依存し、記憶や感覚さえデータとして扱われる。こうした社会では、銃や車だけでなく、ハッキングや情報操作が直接「人間そのもの」を攻撃する手段になる。この世界で、公安組織の特務部隊を率いる草薙素子は、サイバー犯罪やテロに対処する。あるとき、他人の記憶を書き換え、自分の過去さえ信じられなくする正体不明の存在が現れ、事件は国家の情報管理や外交の思惑とも結びついていく。捜査の過程では、光学迷彩のような隠密装置、義体の強化機能、広域通信、電脳への直接侵入などが使われ、戦いは物理空間とネット空間の両方で進む。物語の中心にあるのは、「人間らしさ」とは何かという問いだ。体が機械でも、記憶が編集可能でも、なお残る自己の核＝“ゴースト”はどこにあるのか。個人は国家や企業のシステムに取り込まれていくが、それでも主体として生きられるのか。草薙素子は、境界があいまいになった世界で、自分が何者で、どこまでが自分なのかを探り、ネットワークの海の中で新しい存在の形と向き合っていく。
49	アニメ	パプリカ	近未来の研究施設で、人の夢に入り込み、心の治療や原因究明に役立てる新しい装置が開発される。装置は小型の機器と接続して使い、眠っている人の夢の映像や感覚にアクセスできる。しかし試作品の段階で、その装置が何者かに盗まれ、無断で他人の夢に侵入する事件が起きる。侵入された人は、現実の仕事中や日常生活の最中に、突然「夢の内容」を現実の光景として見始め、言動も夢に引きずられて崩れていく。現実の街でも、夢の中で増殖した奇妙な行進が目撃される。玩具や看板、家電など雑多な小道具が混ざり合い、祭りのように騒々しい集団となって進み、見た者を巻き込む。この行進は、個人の無意識の断片を寄せ集め、他人の心まで同じ調子に染めていく。研究施設の内部でも安全区画が破られ、監視機器や通路が夢の論理で歪み、境界が曖昧になる。捜査と対策のため、研究者の千葉敦子は、夢の中で活動する別の人格「パプリカ」として、関係者の夢へ入り手掛かりを探す。だが装置が悪用されるほど、夢は個人の内面の避難場所ではなく、現実を侵食する力を持つものとして膨張していく。やがて、装置をめぐる欲望や支配の衝動、他人の心を管理したいという願いが、夢の形を借りて暴走し、現実そのものの秩序を揺さぶる。物語は、夢と現実、治療と監視、自由と統制の境界を問う。心を救う技術は、使い方次第で他者の内面を奪う技術にもなる。人は夢に逃げ込みもするが、夢を通して自分の傷や欲望と向き合い、他者と理解し合う可能性もある。千葉敦子とパプリカは、その危うさと希望の両方を抱えながら、崩れかけた境界を取り戻そうとする。
50	アニメ	PLUTO	近未来、人間と高度なロボットが法律と社会制度のもとで共存している世界。ロボットには市民としての権利が与えられ、日常生活から産業、警備、福祉まで、さまざまな場面で人間と同じように働き、暮らしている。一方で、ロボットの軍事利用や差別の問題、戦争の記憶も社会の深いところに残っている。ある時期、世界各地で「特別に高性能なロボット」と、それに関わった人間が次々と襲われ、奇妙な痕跡を残して破壊・殺害される事件が起きる。現場には角のような印が残り、まるで見えない力が働いたかのような破壊が起きる。国境を越えた捜査、厳重な警備装置、監視網、ロボットの記憶データや修理記録といった「証拠」が重要になるが、それらが改ざんされている疑いも浮かぶ。捜査に当たるロボット刑事のゲジヒトは、被害者たちがかつて戦場で名を知られた存在であること、そして事件が過去の大規模な戦争と結びついていることに近づいていく。戦争で使われた兵器技術、憎しみを増幅する情報操作、感情を持つよう設計されたロボットの心の傷が、現在の平和な都市生活の裏側で静かに再燃していた。物語は、犯人探しだけでなく、「ロボットに心はあるのか」「憎しみは学習されるのか」「正義の名の戦争は誰を救うのか」を問い続ける。人間とロボットが似た存在になった世界で、暴力の連鎖を止める鍵は、より強い武力ではなく、他者の痛みを想像し、過去を直視し、赦しと共感を選び取れるかどうかにある。
