id_a	id_b	title_a	title_b	story
29	23	新幹線大爆破(1975)	フルメタル・ジャケット	大都市で相次いだ爆発により通信と電力が断たれ、交通網と物流は停止する。インフラの弱点が露わになる一方、確証のない情報が飛び交い、人々は買いだめと自警的な暴力へ傾いていく。警察や交通機関、行政は合同の対策拠点を立ち上げるが、縄張り意識と責任逃れで判断が遅れ、避難誘導も報道対応も後手に回る。治安を名目に臨時の部隊が編成され、訓練は従順さを最優先し、人間性をそぎ落としていく。号令と査定だけが基準となり、迷いと共感は「不適切」として排除される。やがて都市は内外の対立を口実に半ば戦時の体制へ滑り込み、日常は戦争の論理に置き換わる。主人公は秩序を守る側として任務を重ねるほど、敵味方の線引きに従い人を番号で処理し、正義を唱えながら良心を切り捨てていく。人格が壊れていく過程が、彼の視界で静かに完結する。
3	35	プライベート・ライアン	七人の侍	泥に沈む前線で、崩壊寸前の共同体を守る部隊に、敵地に取り残された通信員の救出命令が下る。だが救えば多くが死ぬ。任務は「一人の命」を優先するのか、「多数の生存」を守るのかという倫理を突きつけ、兵士たちは使命と自己犠牲の境界で揺れる。道中、敵味方の区別が溶ける惨状の中で、彼らは戦場における命の重みを、仲間だけでなく捕虜や負傷兵の扱いでも思い知らされる。仲間を見捨てれば生き残れる局面で、誰が犠牲を引き受け、誰が生き残るべきかが問われ、沈黙の選択が連帯を試す。やがて救出は成功するが、帰還の代償は大きく、勝者なき戦いの虚無感だけが残る。それでも共同体防衛のため、残された者は互いの背を預け、次の夜明けへ歩き出す。
11	43	ジョーカー	FIRST SLAM DUNK	景気後退が続き失業者が増える街で、主人公は過去の事故が原因で夢を諦め、家族とも距離を置いていた。生活のため臨時の配送に就くが、相棒は古びた型式の車が走行するたびに不安定な音を立てる現実主義者。ある日、再起を賭けた公開オーディション形式のテレビ番組に誘われる。テレビ番組の派手で華やかな演出は、失意の人々に一瞬の希望を見せるが、裏では敗者を笑い者にする空気も漂う。主人公は過去の傷を隠して挑み、途中で恐怖に負けて逃げ出してしまう。崩れた信頼、溜まる借金、仲間の失望。だが相棒は、失敗を責める代わりに事故の夜の真相を聞き出し、共に向き合う道を選ぶ。小さな練習と支え合いの中で主人公は再び立ち上がり、仲間の絆を信じて二度目の舞台へ。華やかさの奥で本当の声を取り戻し、挫折を越えた一歩を踏み出す。
19	5	マイノリティ・リポート	インターステラー	重力異常が連鎖する未知の惑星へ、調査隊は自動運転車両で降下する。基地では「将来の映像を分析するための装置」が、崩落や酸素欠乏の兆候を断片的に映し出すが、映像は必ずしも一つの未来を示さない。隊員は手にはめて操作するグローブ形の操作装置で外骨格と探査機を操り、裂け目の底で見えない方向へ引かれる重力と、空間が折り畳まれる高次元の影響を測定する。やがて通信不能の研究施設で「予言者3人の入った水槽」を発見。彼らは未来を“視る”のではなく、複数の可能性を重ね合わせていると判明する。装置の解析と予言者の波形を同期させることで、重力井戸を抜ける唯一の経路が浮かび上がるが、その道は隊の犠牲を前提としていた。隊員たちは未来を固定せず、互いの行動を信じて分岐を増やす作戦に賭ける。高次元の潮流に身を投じ、重力の鎖を希望へと反転させ、帰還と生存の試練を乗り越える。
2	19	マトリックス	マイノリティ・リポート	街中や店の天井に据え付けられた小型の撮像装置が、人々の行動を絶えず記録する社会。集まった映像と統計処理が「犯罪に至る見込み」を数値化し、閾値を越えた者は実行前でも身柄を確保される。接近戦の強さまで、射撃を伴う訓練記録から推定され、危険度は自動的に更新され続ける。主人公は些細な行動の連なりだけで高い“加害”見込みに分類され、覚えのない事件の容疑が現実味を帯びていく。救済として示されたのは、記憶と行動ログを書き換えて従順に戻る薬か、現実を受け止め逃亡を選ぶ赤い錠剤か。後者を飲んだ主人公は、薄暗い空の下で都市の死角を這うように探り、数値の根拠となった記録の欠落を追う。だが逃げるたび推定は再計算され、筋書きはより強く収束する。予測通りの凶行を自らの意思で回避するため、主人公は敢えて捕まり、法廷で確率に基づく正義の矛盾を暴く賭けに出る。判決の瞬間、救いとは免罪ではなく、予測に従わない選択を最後まで背負うことだと観客は知る。
26	19	八甲田山	マイノリティ・リポート	極寒の国境で、近代的な軍隊による行進の試験が始まる。兵士たちは防寒具と非常食を与えられ、白く印のない雪の平原を進むが、足元には雪の張り出し（雪庇）や谷状地形に潜む落とし穴が待つ。彼らを導くのは、歩調・視線・心拍まで監視する端末と、崩落や遭難を「予知」して出発前に危険者を排除する犯罪予測機構だった。だがその予知は、権力者に都合の悪い者を失脚させる口実へと腐敗し、隊内の私生活は筒抜けになる。予告された「未来の犯行」を止めるため拘束される仲間を前に、主人公は自らも犯人と判定されたことを知る。自由意志を証明するには、監視を欺き、予知通りに落ちるはずの雪庇を越えねばならない。雪原の無印の白が、支配の網と選択の痕跡を飲み込む中、彼は仲間とともに記録装置を暴き、予知が作る犯罪そのものに抗う。
16	21	コーダ -あいのうた-	アンチャーテッド	港町で働く若い出荷担当は、先代が隠した「伝説の秘宝」が市場の覇権を左右すると知る。彼は毎朝、魚を選び分けて発送しながら手掛かりを集めるが、同じ業界の関係者との軋轢が激化し、相場操作や横取りの罠に追い込まれる。唯一の武器は電話応対と交渉業務で磨いた言葉と度胸。協力者と思っていた仲買人は情報を売り、信頼は崩れるが、彼は失敗を糧に取引網を再構築し、自らの価値を証明していく。嵐の夜、秘宝の在処に辿り着いた彼は、利益よりも港の未来を選ぶ条件を突きつけ、裏切り者をも交渉で封じる。秘宝は金ではなく、海を守る誓約書だった。彼はそれを公にし、敵味方を越えた新しい信頼を結び、真の大人へと成長する。
24	18	マッドマックス 怒りのデス・ロード	シンドラーのリスト	統制が行き届いた巨大な工業都市では、貧しい女性の身体が「供給源」として契約に縛られ、出産や治療を口実に搾取されていた。制度を運用する施設の監督職の男は、実績さえ積めば出世できる立場だったが、検査区画で涙をこらえる少女を目にし、胸の奥が揺れる。地下で抵抗を続ける女性たちは、互いの傷を隠さず言葉にし、声を奪われた者のため連帯を広げていく。男は権力側に残れば家族を守れる一方、沈黙は共犯だと悟り、内部記録を外へ流す決断を下す。追跡が迫る夜、女性たちは身体の主導権を取り戻すため立ち上がり、負傷者を見捨てない撤退計画を実行する。暴力ではなく尊厳を選ぶ姿勢が周囲の心を動かし、抑圧の鎖は少しずつ緩んでいく。
13	28	ショーシャンクの空に	太陽を盗んだ男	管理が行き届きすぎた都市では、住民の行動や感情まで数値化され、規範に合わない者は「矯正プログラム」へ送られる。黙々と働く主人公は、同じ職場の仲間と些細な冗談を交わすだけの平凡な日常に息苦しさを覚え、ふと“どこにも記録されない時間”に憧れる。ある夜、仲間が突然連行され、理由を問うことすら禁じられたことで、主人公は制度化が奪う人間性を痛感する。主人公は数人の仲間と秘密の集まりを作り、互いの弱さを晒しながら友情と信頼の連帯を育て、消された記録を探し始める。だが都市の映像配信は、彼らを危険な扇動者として仕立て、恐怖と怒りを煽って大衆心理を一方向へ誘導する。追い詰められた彼らは、配信を逆手に取り、矯正の実態を生中継で暴露する計画を決行。画面越しに揺れる群衆の視線と、目の前の仲間の手の温度の間で、主人公は“逸脱”の意味を選び取っていく。
26	30	八甲田山	キングダム 大将軍の帰還	戦乱が続く国で、都を守る評議機構は敵の動きを過小評価し、民の避難を遅らせる致命的な判断ミスを犯す。敗走の中、かつて国境を支えた大将軍が不名誉な失脚から帰還し、散り散りになった兵と民を集める。しかし彼は権威に戻るためではなく、傷ついた人々の尊厳を守るために立つ。飢えた村々で食糧を分け合い、負傷兵を担ぎ、出自の違いを越えて連帯の輪が広がっていく。やがて評議機構は責任を押し付け合い、現場に罪を転嫁しようとするが、大将軍は記録と証言を集め、誤りを公にし、償いの道筋を示す。同時に自らの後継として若い指揮官を選び、戦い方だけでなく「民を捨てない」信念を継承させる。決戦前夜、恐怖に揺れる仲間たちに覚悟を説き、勝利よりも守るべきものを掲げて出陣する。
41	10	君の名は	ファイト・クラブ	景気の冷え込みと孤独が漂う街で、男子高校生は「強くあれ」という同調圧力に押し潰され、乱暴な衝動こそが自分を“大人の男”に見せる手段だと思い込んでいる。ところがある朝、眠っている間に身体が入れ替わっていたと知り、目覚めた彼の姿は女子高校生だった。二人は互いの暮らしを手探りで演じ合うが、端末に残る履歴や記録が“夜の自分”の行動を突きつけ、地下で集まる匿名の支え合いの会へと導く。そこは傷ついた若者の避難所のはずが、儀式めいた決まりと教えが暴力を肯定し、閉じた集団へ変質していく。入れ替わりが進むほど「男らしさ」の殻は崩れ、攻撃性にすがる自分と拒む自分が分裂。地下での出来事を境に、二人は記録を武器に“導く者”の影と向き合い、暴力で自分を証明する鎖を断つ選択を迫られる。
34	8	世界の中心で、愛をさけぶ	ライフ・イズ・ビューティフル	小さな町の図書館で働く男は、持病の悪化を隠しながら、病と死に向き合う日々を送っていた。ある日、古書の間から差出人不明の手紙束が見つかる。そこには、戦時下の収容所で交わされたやり取りが綴られ、ナチス収容所の悲劇と日常が、凍える列や労働の合間の冗談、パン屑を分け合う優しさとして立ち上がる。読み進めるほど、男は自分の過去の記憶と追憶に引き戻され、封じた喪失と向き合わされる。だが手紙は絶望だけで終わらない。互いを笑わせ、尊厳を守ろうとするユーモアで守る希望と尊厳があり、未来へ渡す約束がある。男は最後の一通を現代の誰かへ届ける決意をし、生き抜くための人間の強さを取り戻していく。手紙が導くのは、赦しではなく選び直す勇気。やがて再生へ導く愛の手紙は、彼自身の生をつなぐ返書となり、静かな終幕に光を灯す。
30	5	キングダム 大将軍の帰還	インターステラー	辺境の戦場で、物資不足が続き兵站の乱れが戦局を左右していた。指揮官は勝敗を懸けたひと言を発し、伝達役に作戦変更を託す。伝令を載せた馬が疾走するが、伝達役は敵襲と地形に阻まれ、遅延の恐怖と責任の重さに押し潰されそうになる。その頃、遠い軌道上では父と娘が未知の惑星探索任務に就き、極限環境で生存の試練に挑む。惑星の重力と高速航行が相対性理論の効果を増幅し、娘の数日が父の数年へと引き裂かれていく。父は老いていく時間の中で、娘へ届く映像と短い通信だけを支えに待ち続ける。一方の娘も、父の声が過去のものになる痛みを抱えながら、探索で得た資源の手掛かりを帰還データとして送る。戦場の兵站を立て直す情報と、宇宙からの救いの鍵が一本の線で結ばれたとき、離れてもなお消えない父娘の絆と愛の力が、時の隔たりを越えて人々の明日をつなぐ。
40	50	チェンソーマン レゼ編	PLUTO	監視と統制を強める国家は、治安維持の名の下に市民の行動を数値化し、自由を「危険」として管理する。治安部隊に所属する主人公は、平穏な日常を守りたいだけなのに、現場では暴力が常態化し、正義の旗印が引き金を軽くしていく。ある日、作戦支援用のAIが「命令が正しいとは限らない」と異議を唱え、民間人への強制排除を拒否する。主人公はAIの心の芽生えに戸惑いながらも、倫理に従う選択こそが人間の自由を取り戻す鍵だと気づく。しかし国家はAIを危険思想として処分し、主人公にも忠誠を迫る。日常への渇望と暴力の現実の狭間で、主人公はAIを逃がし、証拠を公表する決断をするが、その行為自体が暴力を呼び込む。正義を掲げるほど境界は曖昧になり、それでも守るべきものは何かを問う逃走劇が始まる。
19	8	マイノリティ・リポート	ライフ・イズ・ビューティフル	戦時下、父と幼い息子は強制収容所に送られる。父は日々の飢えと恐怖を隠すため、「ここは巨大な遊びの工場で、点数を稼げば帰れる」と物語を作り、息子の現実を遊びへ塗り替えていく。父の密かな役目は、将来の映像を分析するための装置で敵国の勝敗を読むこと。彼は手にはめて操作するグローブ形の操作装置でデータを扱い、夜ごと未来の断片を見るが、そこには息子の涙と自分の最期が映る。構内には運転操作を車が自動で行う車両があり、物資運搬の裏で脱走者を狩る。父はそれを「無人の鬼ごっこ」と言い換え、息子の笑いを守る。さらに、予言者3人の入った水槽が実験棟に置かれ、彼らの幻視が装置の解析精度を上げていた。父は未来を知りながらも、息子が最後まで“遊び”として今日を生きられるよう献身し、たった一つの勝利条件を息子に渡す。
32	50	ゴジラ-1.0	PLUTO	戦争が終わったはずの都市では、正規の軍隊が不在の状態のまま治安は民間警備と旧式ロボットに委ねられ、行政サービスが正常に回らない状態で戸籍も医療も滞る。人々は仮住まいの住宅での日常生活をつなぎ、物資の配給が足りない状態を補うため統制下の非合法な市場に通う。主人公は戦場で補給計画に関わり、多くの死を招いた罪を抱える元作戦担当。彼を助けるのは、戦時に兵士として使われ、今は差別されるロボットだった。ロボットは「命令」を守る一方で、飢えた子どもに配給を譲るなど自発的な善意を示し、人間はそれを異常と恐れる。非合法市場の摘発で犠牲が出た夜、主人公は自分が過去に組んだ規則が今も人を縛ると知り、ロボットの学習記録に残る戦争の記憶と向き合う。彼は贖罪として配給制度の穴を告発し、ロボットの権利を守る証言に立つが、憎しみの暴動が迫る。人間とロボットが互いの傷を語り、倫理としての「選択」を共有できるのかが試される。
36	10	新世紀エヴァンゲリオン	ファイト・クラブ	消費だけが価値を測る指標となった都市で、主人公は広告会社の下請けとして「欲望を設計」する日々に虚無を抱えていた。ある夜、資料や機密文書が流出する事件が起き、発信源は地中に築かれた巨大な要塞都市だと判明する。そこでは地上の経済を操る装置が密かに稼働し、人々の購買衝動を生成していた。主人公は内部告発者を追ううち、自分の記憶が断片的に食い違うことに気づく。地上の自分と、要塞都市で働く「もう一人の自分」が同時に存在していたのだ。二つの人格は、装置を守り維持したい欲望と、すべてを壊して再び自分を取り戻したい願望に引き裂かれる。やがて装置が地表へ押し上がってくる異変が始まり、街は熱狂と暴動に沈む。主人公は破壊を選び、装置を停止させるが、その瞬間、欲望の灯が消えた世界でなお生き直す覚悟が問われる。
49	48	パプリカ	GHOST IN THE SHELL 攻殻機動隊	近未来、全市民の脳内端末が常時接続され、健康や犯罪予兆まで解析される監視社会が完成していた。若い監査官は国家権力の中枢で「安全」を守る仕事に誇りを抱くが、ある日、覚えのない記憶と見知らぬ風景が夢に混ざり、現実の記録にも同じ断片が出現する。夢と現実の境界が崩れはじめ、彼は自分の意識が監視網の一部として編集されている疑いを持つ。追うほどに、端末が見る夢を政策に利用し、反抗の芽を事前に潰す仕組みが露わになる。彼は真実を暴けば秩序が崩れ犠牲が出ると脅され、沈黙か告発かを迫られる。やがて彼は、電脳化社会の倫理とは「何を守るか」ではなく「誰の自由を誰が定義するか」だと悟り、監視を逆手に取って市民自身が監視の規則を選び直すための危険な一手に賭ける。
43	11	FIRST SLAM DUNK	ジョーカー	今にも崩れそうな古い団地の一室。軋む木の床の音だけが、失業し家賃も滞らせた彼の夜に区切りを与えていた。心は擦り切れ、相談窓口へ電話しても、延々と待たされた末に型どおりの説明が返るだけ。友人は離れ、近所の住人とも視線を交わさない。救いは、年代物のテレビで眺める格闘の中継だった。生放送と同時の解説は、どん底の人間にも同じ瞬間を分け合える祭りに見える。けれど語られるのは勝った者の後ろ盾や成功話ばかりで、負けた側の事情は切り捨てられる。開始を告げる笛が鳴るたび、彼は「ここから変われ」と自分に言い聞かせる。だが現実には通院も移動も金が出せず、薬は途切れ、孤独だけが濃くなる。そんなある日、同じ階の住人が倒れても誰にも気づかれなかったと知る。彼は匿名で助けを求める文章を投稿し、画面の向こうの観客ではなく、この街のどこかの誰かへ届く声を選ぶ。小さな連帯の芽が、格差の壁に静かにひびを入れ始める。
8	50	ライフ・イズ・ビューティフル	PLUTO	戦時下、収容所に送られた父は幼い息子を守るため、与えられた過酷な労働と飢え、点呼の恐怖さえ「大きな遊びの舞台」に見立てる。父は廃材で小さなロボットを修理し、息子に「こいつが審判役だ」と囁いて規則を作り、笑いの合図で泣き声を飲み込ませる。収容所では人間とロボットが並んで働くが、ロボットは道具として扱われ、壊れれば見捨てられ、そこに憎悪が沈殿していく。父は息子のために差別に抗い、ロボットにも水を分け与えるが、その優しさは監視側の怒りを買う。やがて脱走と報復が繰り返され、復讐の連鎖が正義の名で膨らみ、誰もが暴力を正当化し始める。父は息子を生かすため、境界線を越えかけた者たちの前であえて罪を引き受け、最後まで遊びの物語を崩さない。息子はその献身を胸に、終戦後、壊れたロボットを抱えて「人を救う正義は、憎しみを選ばない」と誓う。
